"Name","Length"
"after-encoding.png","1031357"
"app-likes-final.png","101405"
"app-likes-final2.png","97858"
"audit-all-pages.mjs","2967"
"audit-landing-redesign.mjs","2331"
"audit-live-core.mjs","2458"
"audit-live-matching.mjs","2148"
"audit-missed-matches.mjs","2008"
"audit-noir-safe-area.mjs","3963"
"audit-push-api.mjs","1292"
"btn_like.png","24304"
"btn_pass.png","22316"
"btn_super.png","16386"
"btn_undo.png","13771"
"buttons_nobg.png","76437"
"check-discovery-backend.mjs","1553"
"check-nav.mjs","633"
"check-pass.mjs","443"
"check-worker.sh","401"
"check174.py","536"
"check_live_170.py","928"
"cleanup-flow-audit.mjs","907"
"cleanup-match-push-audit.mjs","861"
"community-150.tgz","27193263"
"configure-vapid.mjs","965"
"current-desktop.png","368583"
"current-mobile.png","276524"
"deploy-nginx-headers.sh","366"
"deploy-quest-fix.log","0"
"deploy172.log","0"
"deploy172.pid","7"
"deploy172.py","1207"
"deploy173.log","0"
"deploy173.pid","7"
"deploy173.py","1190"
"deploy174.log","4286"
"deploy174.py","1282"
"deploy174signed.log","4287"
"deploy174signed.py","1119"
"deploy_160.py","2267"
"deploy_170_final.py","2332"
"deploy_170_web.py","2324"
"deploy_apk_viewport.sh","2249"
"deploy_auth_confirm.sh","3164"
"deploy_discovery_flow.sh","2008"
"deploy_landing_20260916.sh","2332"
"deploy_landing_steps_20260916.sh","1847"
"deploy_landing_v2_20260916.sh","2438"
"deploy_matching_mobile.sh","2247"
"deploy_match_push.sh","1621"
"deploy_message_request_fix.sh","2182"
"deploy_noir_safearea.sh","2447"
"deploy_registration_session.sh","2050"
"deploy_remote.py","3463"
"discovery-before-swipe-20260926.dart","37885"
"emulator-buttons-fixed.png","1043928"
"emulator-current.apk","59405784"
"emulator-current.png","1176611"
"emulator-likes.png","414030"
"emulator-now.png","1033975"
"emulator-open.xml","8074"
"emulator174.xml","14096"
"filter-review-final.png","57465"
"filter-review.png","57465"
"find-overflow.mjs","1519"
"find_release_key.py","650"
"finish-review.json","3823"
"finish-review.mjs","2401"
"finish_deploy_170.py","1461"
"icon_extracted.png","84986"
"inspect_deploy_stage.py","729"
"inspect_remote_env.py","561"
"keyboard-android-test.png","219038"
"keyboard-check.png","188042"
"keyboard-host-test.png","223067"
"keyboard-keycode.png","223271"
"light-desktop-chat.png","100987"
"light-desktop-messages.png","118224"
"light-desktop-profile.png","235317"
"light-desktop.png","390597"
"light-login.png","63024"
"light-mobile-chat.png","47044"
"light-mobile-messages.png","80685"
"light-mobile-profile.png","120602"
"light-mobile.png","264091"
"light-noir.png","191667"
"light-onboarding.png","37462"
"likes-133.png","405727"
"live-lovask-app-light.css","26307"
"live-lovask-app.tsx","86630"
"live-manifest.ts","783"
"login-after-back.png","1389015"
"login-now.png","218555"
"login-result.png","1441250"
"login-resume.png","219042"
"logo-check.png","63404"
"logo-check2.png","264091"
"logo-check3.png","264118"
"logo-check4.png","263090"
"lovask-1.3.2-signed.apk","59225469"
"lovask-1.3.2-signed.apk.idsig","469515"
"lovask-160-fix.tar.gz","4293"
"lovask-160-old.apk","59405784"
"lovask-160-source.tar.gz","27265949"
"lovask-170-final.tar.gz","27176535"
"lovask-170-incompatible-signature.apk","59386353"
"lovask-170-oldkey-test.apk","59422168"
"lovask-170-oldkey-test.apk.idsig","473611"
"lovask-170-web.tar.gz","56840"
"lovask-172.xml","8940"
"lovask-173.xml","8940"
"lovask-173b.xml","14096"
"lovask-actions.xml","6883"
"lovask-after.xml","12646"
"lovask-botfix-20260920.tar.gz","606834578"
"lovask-chat.xml","5369"
"lovask-chat2.xml","10340"
"lovask-composer.png","648496"
"lovask-current.xml","12778"
"lovask-demo-final.png","524913"
"lovask-demo-story-clean.png","1170922"
"lovask-dual-card-20260920.tar.gz","9937"
"lovask-fixed-photo.png","1176042"
"lovask-hourly-noir-20260920.tar.gz","41900306"
"lovask-image-after-restart.png","1201721"
"lovask-image-after-wait.png","204634"
"lovask-likes-now.png","413717"
"lovask-live-170.apk","59422168"
"lovask-live-171.apk","59422168"
"lovask-live172.xml","8940"
"lovask-live172b.xml","14096"
"lovask-messages.xml","12778"
"lovask-open-check.png","204680"
"lovask-picker-clean.png","895364"
"lovask-picker-clean2.png","983337"
"lovask-picker-menu.png","976845"
"lovask-picker-select.png","898348"
"lovask-picker-selected.png","820969"
"lovask-picker.png","861058"
"lovask-profile-answer.png","399877"
"lovask-profile-live.png","412296"
"lovask-profile-live2.png","370888"
"lovask-profile-test.png","412267"
"lovask-profile-test2.png","51062"
"lovask-profile.xml","12368"
"lovask-release-20260920.tar.gz","42002904"
"lovask-release-signed.apk","59405784"
"lovask-release-signed.apk.idsig","473611"
"lovask-source-botfix.tar.gz","41898964"
"lovask-story-after-upload.png","423125"
"lovask-story-check.png","422147"
"lovask-story-deleted.png","422911"
"lovask-story-result.png","422118"
"lovask-story-sheet.png","422068"
"lovask-story-view-ready.png","1011349"
"lovask-story-view.png","28023"
"lovask-test-current.png","411614"
"lovask-ui.xml","12778"
"lovask-updated.png","219180"
"lovask_horizontal_logo.png","162837"
"match-nav-133.png","421114"
"message-actions.xml","6516"
"messages-133.png","421552"
"messages-current.png","416086"
"messages.xml","8072"
"mobile-before-card-update-20260926-002916.zip","6258527"
"mobile-before-polish-20260926.zip","88343"
"mobile-before-redesign-20260925-235421.zip","3634227"
"mobile-messages-320.png","50139"
"native-before.png","329688"
"native-emulator-discovery-check.png","916687"
"native-emulator-discovery.png","411769"
"native-emulator-likes-check.png","413746"
"native-emulator-open-2.png","179617"
"native-emulator-open.png","198222"
"native-emulator-profile-check.png","371563"
"noir-payment-redesign-20260920.tar.gz","8143"
"old-lovask.apk","1468738"
"patch.diff","3193"
"payment-methods-20260920.tar.gz","10267"
"photo-dialog-133.png","419236"
"prepare-flow-audit.mjs","1894"
"prepare-match-push-audit.mjs","2422"
"profile-axe.json","2"
"profile-current.png","217403"
"profile-top.png","373810"
"reference-pass.png","284496"
"reference-pass2.png","244638"
"remote_audit.py","833"
"repair-missed-matches.mjs","2143"
"review-ui.mjs","1083"
"run-audit-dev.cjs","124"
"run_remote.py","538"
"shopier-static-20260920.tar.gz","11638"
"tab-likes.png","100989"
"tab-messages.png","75456"
"tab-profile.png","118235"
"text_extracted.png","111985"
"ui-demo.png","276524"
"ui-login.png","60483"
"ui-noir.png","190532"
"ui-review-checkpoint.md","2164"
"upload171.log","101"
"upload171.pid","7"
"upload171.py","896"
"ux-before-swipe-20260926.dart","8170"
"verify-apk-viewport.mjs","1546"
"verify-fixed-mobile-shell.mjs","1294"
"verify-light-ui.mjs","4067"
"verify-message-footer.mjs","1718"
"verify-mobile-layout.mjs","2034"
"verify-profile-v2.mjs","1944"
"verify-send-push.mjs","1215"
"verify174.py","522"
